cod_estacion,institucion,nombre,comuna,region,latitud,longitud
1,FDF,Azapa1,Arica,Arica y Parinacota,-18.509638889000001,-70.248055554000004
2,FDF,Azapa2,Arica,Arica y Parinacota,-18.520444443999999,-70.232666667000004
3,FDF,Tranque Lautaro,Tierra Amarilla,Atacama,-27.975583332999999,-70
4,FDF,Jotabeche,Tierra Amarilla,Atacama,-27.588611110999999,-70.244722221999993
5,FDF,Hornitos,Tierra Amarilla,Atacama,-27.728888889,-70.196666667000002
6,FDF,Copiapo,Copiapó,Atacama,-27.345833333000002,-70.407777777999996
7,FDF,Bodega,Copiapó,Atacama,-27.343611111000001,-70.372777778
8,FDF,Vallenar,Freirina,Atacama,-28.526305556000001,-70.943083333000004
9,FDF,Alto del Carmen,Alto del Carmen,Atacama,-28.768166666999999,-70.449222222000003
10,FDF,El Palqui,Monte Patria,Coquimbo,-30.746388888999999,-70.936944444000005
11,FDF,Vicuña,Vicuña,Coquimbo,-30.038333333000001,-70.696666667000002
12,FDF,Paihuano,Paiguano,Coquimbo,-30.046944444000001,-70.510833332999994
13,FDF,Recoleta,Ovalle,Coquimbo,-30.490916667,-71.165777778000006
14,FDF,San Julián,Ovalle,Coquimbo,-30.655277777999999,-71.318888888999993
15,FDF,Monte Patria,Monte Patria,Coquimbo,-30.682222222,-70.939444444000003
16,FDF,Combarbalá,Combarbalá,Coquimbo,-31.188333332999999,-70.998888889
17,FDF,Punitaqui,Punitaqui,Coquimbo,-30.78,-71.256111110999996
18,FDF,Illapel,Illapel,Coquimbo,-31.731055556000001,-71.205555555999993
19,FDF,Salamanca,Salamanca,Coquimbo,-31.787388888999999,-70.959611111000001
20,FDF,Cabildo,Cabildo,Valparaíso,-32.362194443999996,-70.819722221999996
21,FDF,Petorca,Cabildo,Valparaíso,-32.396666666999998,-71.029444444000006
22,FDF,SAN ESTEBAN,San Esteban,Valparaíso,-32.750444444000003,-70.557583332999997
24,FDF,Calle Larga,Calle Larga,Valparaíso,-32.870555555999999,-70.646111110999996
25,FDF,Rinconada,Rinconada,Valparaíso,-32.837055556000003,-70.692527777999999
26,FDF,San Felipe,San Felipe,Valparaíso,-32.755333,-70.706917000000004
27,FDF,Putaendo,Putaendo,Valparaíso,-32.593694444,-70.726111110999994
28,FDF,Santa María,Santa María,Valparaíso,-32.749166666999997,-70.660277777999994
29,FDF,Panquehue,Panquehue,Valparaíso,-32.756638889000001,-70.808833332999995
30,FDF,Llayllay,Llaillay,Valparaíso,-32.903333332999999,-70.950555555999998
31,FDF,Catemu,Catemu,Valparaíso,-32.757777777999998,-70.942777778000007
32,FDF,Quillota,Quillota,Valparaíso,-32.892388889000003,-71.206722221999996
33,FDF,La Cruz,La Cruz,Valparaíso,-32.799999999999997,-71.2
34,FDF,Nogales,Nogales,Valparaíso,-32.736388888999997,-71.199166667
35,FDF,Hijuelas,Hijuelas,Valparaíso,-32.847944443999999,-71.067083332999999
36,FDF,Limache,Limache,Valparaíso,-32.994444444000003,-71.260666666999995
37,FDF,Olmué,Olmué,Valparaíso,-33.021944443999999,-71.186388889
38,FDF,Casablanca,Casablanca,Valparaíso,-33.320833333000003,-71.437222222000003
39,FDF,San Diego,Melipilla,Metropolitana,-33.703027777999999,-71.371861111000001
40,FDF,HUECHÚN EX Lampa,Tiltil,Metropolitana,-33.077222222000003,-70.752777777999995
41,FDF,Til til,Tiltil,Metropolitana,-33.121333333000003,-70.834777778000003
42,FDF,Pirque,Pirque,Metropolitana,-33.673888888999997,-70.586944443999997
43,FDF,Buin,Buin,Metropolitana,-33.707361110999997,-70.701555556000002
44,FDF,Melipilla,El Monte,Metropolitana,-33.65,-71.099999999999994
45,FDF,TALAGANTE,Talagante,Metropolitana,-33.673250000000003,-70.921138889000005
46,FDF,LO HERRERA,San Bernardo,Metropolitana,-33.662888889000001,-70.765916666999999
47,FDF,HUELQUEN,Paine,Metropolitana,-33.862083333000001,-70.639194443999997
48,FDF,COLINA,Colina,Metropolitana,-33.218777778000003,-70.715833333000006
49,FDF,Calera de Tango,Calera de Tango,Metropolitana,-33.630555555999997,-70.799166666999994
50,FDF,Chocalan,Melipilla,Metropolitana,-33.725555556000003,-71.209722221999996
51,FDF,Mallarauco,Melipilla,Metropolitana,-33.586666667000003,-70.996111111000005
52,FDF,Curacaví,Curacaví,Metropolitana,-33.438611111,-71.025555556
53,FDF,Alhué,Alhué,Metropolitana,-34.064999999999998,-71.253888888999995
54,FDF,San Pedro,San Pedro,Metropolitana,-33.891388888999998,-71.394166666999993
55,FDF,Isla de Maipo,Isla de Maipo,Metropolitana,-33.763888889,-70.886666667
56,FDF,El Monte,El Monte,Metropolitana,-33.691944444000001,-71.100833332999997
57,FDF,QUINTA TILCOCO,Quinta de Tilcoco,O'Higgins,-34.362000000000002,-70.935277778
58,FDF,SAN FERNANDO,San Fernando,O'Higgins,-34.577833333000001,-70.975527778
59,FDF,STA. BRISILA,Las Cabras,O'Higgins,-34.298080556000002,-71.323800000000006
60,FDF,Chimbarongo,Chimbarongo,O'Higgins,-34.670833332999997,-71.031666666999996
61,FDF,Codegua Norte Ex Rancagua,Codegua,O'Higgins,-34.108888888999999,-70.639583333000004
62,FDF,Graneros Norte,Graneros,O'Higgins,-34.061944443999998,-70.704999999999998
63,FDF,Mostazal,Mostazal,O'Higgins,-34.001666667000002,-70.701666666999998
64,FDF,Codegua,Codegua,O'Higgins,-34.110277777999997,-70.653611111000004
65,FDF,Punta Cortes,Rancagua,O'Higgins,-34.169750000000001,-70.791277777999994
66,FDF,Olivar Alto,Olivar,O'Higgins,-34.203055556000002,-70.824166667
67,FDF,Los Maquis,Malloa,O'Higgins,-34.499722222000003,-70.839722222000006
68,FDF,San Vicente TT,San Vicente,O'Higgins,-34.457777778000001,-71.050555556000006
69,FDF,Coltauco,Coltauco,O'Higgins,-34.237777778000002,-71.004999999999995
70,FDF,Rapel,Las Cabras,O'Higgins,-34.216666666999998,-71.3
71,FDF,Peumo Norte Ex Las Cabras,Peumo,O'Higgins,-34.326944443999999,-71.258888889000005
72,FDF,El Carmen,San Fernando,O'Higgins,-34.608055555999996,-70.974999999999994
74,FDF,Chépica,Chépica,O'Higgins,-34.738611110999997,-71.258055556000002
75,FDF,Nancagua 2,Nancagua,O'Higgins,-34.660833332999999,-71.283611110999999
76,FDF,Santa Cruz,Santa Cruz,O'Higgins,-34.690833333,-71.400000000000006
77,FDF,Lolol,Lolol,O'Higgins,-34.713611110999999,-71.629722221999998
78,FDF,La Estrella Sur Ex Pumanque,La Estrella,O'Higgins,-34.213333333000001,-71.716111111000004
79,FDF,Palmilla,Palmilla,O'Higgins,-34.546666666999997,-71.394999999999996
80,FDF,La Estrella Norte,La Estrella,O'Higgins,-34.213333333000001,-71.716111111000004
81,FDF,Marchigue,Marchihue,O'Higgins,-34.405555556000003,-71.607222222000004
82,FDF,Requinoa,Requínoa,O'Higgins,-34.321666999999998,-70.833693999999994
83,FDF,Tres Esquinas,Molina,Maule,-35.144722221999999,-71.216111111000004
84,FDF,YERBAS BUENAS 2,Yerbas Buenas,Maule,-35.690472221999997,-71.553944443999995
86,FDF,Morza Norte Ex Peteroa,Teno,Maule,-34.835000000000001,-71.024166667000003
88,FDF,Morza,Teno,Maule,-34.851666667000003,-71.020277777999993
89,FDF,Teno,Teno,Maule,-34.878888889000002,-71.165277778000004
90,FDF,Sagrada Familia,Sagrada Familia,Maule,-34.996944444,-71.374166666999997
91,FDF,Rauco,Rauco,Maule,-34.924999999999997,-71.283055555999994
92,FDF,Lontue,Molina,Maule,-35.049722222,-71.248055555999997
93,FDF,Maule,San Javier,Maule,-35.576666666999998,-71.678888889000007
94,FDF,San Rafael,San Rafael,Maule,-35.303611111000002,-71.475833332999997
95,FDF,Pencahue,Pencahue,Maule,-35.455833333000001,-71.772222221999996
97,FDF,Yerbas Buenas,Yerbas Buenas,Maule,-35.743888888999997,-71.573055556
98,FDF,Colbún,Colbún,Maule,-35.662222221999997,-71.453611111000001
99,FDF,Linares 2,Longaví,Maule,-35.932194000000003,-71.566833000000003
100,FDF,Longaví Norte,Longaví,Maule,-36.053611111000002,-71.683333332999993
101,FDF,Longaví Sur,Longaví,Maule,-35.953055556000002,-71.608055555999996
102,FDF,Parral,Parral,Maule,-36.213333333000001,-71.737499999999997
103,FDF,Parral Norte,Retiro,Maule,-36.230277778000001,-71.732222222000004
104,FDF,Villa Alegre,San Javier,Maule,-35.696111111,-71.682222221999993
105,FDF,San Javier,San Javier,Maule,-35.629722221999998,-71.603888889000004
106,FDF,Ñiquén,San Ignacio,Biobío,-36.293611110999997,-71.893611110999998
107,FDF,Coihueco,Coihueco,Biobío,-36.557222222,-71.817222221999998
108,FDF,Pinto,Pinto,Biobío,-36.713333333000001,-71.875555555999995
109,FDF,Trehualemu Ex - San Ignacio Sur,El Carmen,Biobío,-36.920833332999997,-71.893333333000001
110,FDF,San Ignacio,San Ignacio,Biobío,-36.843611111000001,-72.124722222000003
111,FDF,Los Coligues Ex - Chillan Viejo,San Fabián,Biobío,-36.629166667,-72.233333333000004
112,FDF,Bulnes,Bulnes,Biobío,-36.735555556000001,-72.366944443999998
113,FDF,Quillón,Quillón,Biobío,-36.744999999999997,-72.504722221999998
114,FDF,San Nicolás,San Nicolás,Biobío,-36.517777778000003,-72.094444444000004
115,FDF,Renaico,Renaico,Araucanía,-37.726111111000002,-72.604722222000007
116,FDF,Mulchén,Mulchén,Biobío,-37.703611111000001,-72.216944444000006
117,FDF,Negrete,Mulchén,Biobío,-37.595277778000003,-72.466666666999998
118,FDF,Los Angeles,Los Ángeles,Biobío,-37.447222222000001,-72.517222222000001
119,FDF,Las Viñas,Los Ángeles,Biobío,-37.501388888999998,-72.300555556000006
120,FDF,Tierras Nobles,Los Ángeles,Biobío,-37.441944444000001,-72.617777778000004
121,FDF,Collipulli,Collipulli,Araucanía,-38.001111111,-72.245555555999999
122,FDF,Galvarino,Traiguén,Araucanía,-38.359166666999997,-72.709722221999996
123,FDF,Traiguén,Traiguén,Araucanía,-38.357222221999997,-72.547499999999999
124,FDF,Cunco,Cunco,Araucanía,-39.006666666999998,-72.251388888999998
125,FDF,Pocoyan,Teodoro Schmidt,Araucanía,-38.9925,-73.098888888999994
126,FDF,Nueva Imperial,Nueva Imperial,Araucanía,-38.761388889000003,-72.877499999999998
127,FDF,Freire,Freire,Araucanía,-38.971388889000004,-72.784166666999994
128,FDF,Loncoche,Pucón,Araucanía,-39.393333333000001,-72.636666667
129,FDF,Gorbea,Gorbea,Araucanía,-39.103055556000001,-72.615277778000006
130,FDF,Pucon,Loncoche,Araucanía,-39.355833333,-71.781388888999999
131,FDF,Mariquina,Mariquina,Los Ríos,-39.620833333,-73.073333332999994
132,FDF,MAFIL,Máfil,Los Ríos,-39.631388889,-72.948333332999994
133,FDF,Paillaco,Paillaco,Los Ríos,-40.096388889000004,-72.926666667000006
135,FDF,Río Bueno,La Unión,Los Ríos,-40.322777778000003,-72.979444443999995
136,FDF,La Union,La Unión,Los Ríos,-40.316666667,-73.024166667000003
137,FDF,Osorno,Osorno,Los Lagos,-40.533333333000002,-73.072500000000005
138,FDF,Purranque,Purranque,Los Lagos,-40.879444444000001,-73.052499999999995
140,FDF,Río Negro,Río Negro,Los Lagos,-40.764722222000003,-73.151944443999994
142,FDF,Aysén,Aysén,Aysén,-45.431944444000003,-72.714444443999994
143,FDF,Coyhaique,Coyhaique,Aysén,-45.739722221999997,-72.125833333000003
144,INIA,Azapa Alto,Arica,Arica y Parinacota,-18.577453833,-69.947264000000004
145,INIA,Lago Chungará,Putre,Arica y Parinacota,-18.281824,-69.138499832999997
146,INIA,Colonia JF Lluta Bajo,Arica,Arica y Parinacota,-18.413709832999999,-70.206109832999999
147,INIA,Lluta Alto,Arica,Arica y Parinacota,-18.393556,-69.963339000000005
148,INIA,Puro Chile - Lluta medio,Arica,Arica y Parinacota,-18.452168,-70.067102000000006
149,INIA,Socoroma,Putre,Arica y Parinacota,-18.263888832999999,-69.607675
150,INIA,Surire,Putre,Arica y Parinacota,-18.794647000000001,-69.084442832999997
151,INIA,Truffa - Azapa medio,Arica,Arica y Parinacota,-18.547727833,-70.124645833000002
152,INIA,Visviri,General Lagos,Arica y Parinacota,-17.594605000000001,-69.477417000000003
153,INIA,Calama Rural,Calama,Antofagasta,-22.471029832999999,-68.942980000000006
154,INIA,Ollague,Antofagasta,Antofagasta,-21.216699999999999,-68.233055555999996
155,INIA,San Pedro de Atacama,San Pedro de Atacama,Antofagasta,-22.932200000000002,-68.213458000000003
156,INIA,Socaire,San Pedro de Atacama,Antofagasta,-23.590585832999999,-67.890062833000002
157,INIA,Toconao,San Pedro de Atacama,Antofagasta,-23.1905,-68.007169000000005
158,INIA,Algarrobo Bajo,Ovalle,Coquimbo,-30.633099832999999,-71.451409833
159,INIA,CE Huasco Vallenar,Vallenar,Atacama,-28.581130000000002,-70.798289832999998
160,INIA,Camarico,Ovalle,Coquimbo,-30.698989832999999,-71.321700000000007
161,INIA,Monte Patria El Palqui,Monte Patria,Coquimbo,-30.774543832999999,-70.926831000000007
162,INIA,La Platina,La Pintana,Metropolitana,-33.569870000000002,-70.627972833000001
163,INIA,El Tambo,San Vicente,O'Higgins,-34.470992000000003,-70.986951000000005
164,INIA,Cauquenes,Cauquenes,Maule,-35.955973,-72.289938000000006
165,INIA,Chanco,Chanco,Maule,-35.706555999999999,-72.511167
166,INIA,Coronel de Maule,Cauquenes,Maule,-36.059091832999997,-72.477688833000002
167,INIA,Los Despachos,Cauquenes,Maule,-36.062114000000001,-72.371438832999999
168,INIA,Santa Sofia,Cauquenes,Maule,-35.977643,-72.359864000000002
169,INIA,Sauzal,Cauquenes,Maule,-35.714879000000003,-72.111307832999998
170,INIA,Cañete,Cañete,Biobío,-37.892071000000001,-73.411734832999997
171,INIA,Chiguayante,Chiguayante,Biobío,-36.913490000000003,-73.035458000000006
172,INIA,Coronel,Coronel,Biobío,-37.004823000000002,-73.140405000000001
173,INIA,Human,Los Ángeles,Biobío,-37.433556000000003,-72.243975000000006
174,INIA,Lebu,Lebu,Biobío,-37.682541000000001,-73.522166833
175,INIA,Ninhue,Chillán,Biobío,-36.398105000000001,-72.395202832999999
176,INIA,Nueva Aldea,Concepción,Biobío,-36.648899833000002,-72.513490000000004
177,INIA,Portezuelo,Portezuelo,Biobío,-36.532037000000003,-72.368268
178,INIA,Punta Parra,Tomé,Biobío,-36.672393833000001,-72.964684000000005
179,INIA,Sta Rosa,Chillán,Biobío,-36.535195000000002,-71.916433832999999
180,INIA,Yungay,Yungay,Biobío,-37.141384832999996,-72.011761000000007
181,INIA,Navidad,El Carmen,Biobío,-36.907300833000001,-71.935601000000005
182,INIA,C. Llollinco,Teodoro Schmidt,Araucanía,-38.976944000000003,-72.997777833000001
183,INIA,Carillanca,Vilcún,Araucanía,-38.693055833000003,-72.417221832999999
184,INIA,Cuarta Faja,Gorbea,Araucanía,-39.115555833000002,-72.605277833000002
185,INIA,Dominguez,Saavedra,Araucanía,-38.918610833000002,-73.240278000000004
186,INIA,La Providencia,Traiguén,Araucanía,-38.289444000000003,-72.611389000000003
188,INIA,Quiripio,Carahue,Araucanía,-38.639721833000003,-73.244167000000004
189,INIA,El Quincho,Cunco,Araucanía,-38.913175000000003,-72.183514000000002
190,INIA,Curacautín-San Luis,Curacautín,Araucanía,-38.401667000000003,-71.902500000000003
191,INIA,Sta. Adela,Nueva Imperial,Araucanía,-38.756110833000001,-72.891389000000004
192,INIA,Tranapuente,Carahue,Araucanía,-38.690832833000002,-73.353333000000006
193,INIA,Lago Verde,Paillaco,Los Ríos,-40.165081000000001,-72.633842833000003
194,INIA,El Cardal,Río Bueno,Los Ríos,-40.386736833000001,-72.919058000000007
195,INIA,Butalcura,Dalcahue,Los Lagos,-42.261761833000001,-73.650812000000002
196,INIA,Colegual,Llanquihue,Los Lagos,-41.221842832999997,-73.259855833000003
197,INIA,Huyar Alto,Curaco de Vélez,Los Lagos,-42.403919000000002,-73.568191833
198,INIA,La Pampa,Purranque,Los Lagos,-40.860638833000003,-73.156917000000007
199,INIA,Los Canelos,Los Muermos,Los Lagos,-41.481326000000003,-73.474378000000002
200,INIA,Octay,Puerto Octay,Los Lagos,-40.957155833000002,-72.885495000000006
201,INIA,Polizones,Fresia,Los Lagos,-41.115147,-73.376627833000001
202,INIA,Quilanto,Frutillar,Los Lagos,-41.030728000000003,-72.996308833000001
203,INIA,Remehue,Osorno,Los Lagos,-40.522204000000002,-73.063654833000001
204,INIA,Tara,Chonchi,Los Lagos,-42.703730833000002,-73.788516833000003
205,INIA,Chile Chico,Chile Chico,Aysén,-46.543241833000003,-71.699297833000003
206,INIA,Cochrane,Cochrane,Aysén,-47.241733000000004,-72.582203000000007
207,INIA,Tamelaike,Coihaique,Aysén,-45.759113833000001,-72.061842833
208,INIA,Vista Hermosa,Coihaique,Aysén,-45.936818000000002,-71.835341833000001
209,INIA,Puerto Natales,Natales,Magallanes,-51.698366833000001,-72.483081833
210,INIA,Punta Arenas Rural,Punta Arenas,Magallanes,-53.068313000000003,-70.873761000000002
213,METEOVID,Errazuriz,Quillota,Valparaíso,-32.898611111000001,-71.351666667000003
214,METEOVID,Luis Felipe Edwards-Leyda,Santo Domingo,Valparaíso,-33.739750000000001,-71.636778000000007
215,METEOVID,Casa Marín,Cartagena,Valparaíso,-33.524444443999997,-71.545555555999996
216,METEOVID,Emiliana,Casablanca,Valparaíso,-33.361388888999997,-71.309166667
217,METEOVID,Ventisquero-Tapihue,Casablanca,Valparaíso,-33.300555555999999,-71.283333333000002
218,METEOVID,Casa Rivas (N.C.),Curacaví,Metropolitana,-33.506388889,-71.060833333000005
219,METEOVID,William Fevre,Pirque,Metropolitana,-33.671388888999999,-70.581666666999993
220,METEOVID,Morandé - Romeral,Buin,Metropolitana,-33.706388889000003,-70.772777778000005
221,METEOVID,Santa Rita,Buin,Metropolitana,-33.718611111000001,-70.669166666999999
222,METEOVID,De Martino,Isla de Maipo,Metropolitana,-33.581944444000001,-70.880555556000004
223,METEOVID,Chocalán,Melipilla,Metropolitana,-33.760555556,-71.225555556000003
224,METEOVID,Pérez Cruz,Buin,Metropolitana,-33.843055556000003,-70.619722221999993
225,METEOVID,San Pedro,Paine,Metropolitana,-33.768888889000003,-70.929722221999995
226,METEOVID,Ventisquero,Buin,Metropolitana,-34.022500000000001,-71.344166666999996
227,METEOVID,Anakena,Requínoa,O'Higgins,-34.304722222000002,-70.771666667000005
228,METEOVID,La Rosa – Oeste,Peumo,O'Higgins,-34.325000000000003,-71.239444444
229,METEOVID,Casa Silva-Los Lingues,San Fernando,O'Higgins,-34.502222222,-70.894722221999999
230,METEOVID,Ventisquero-Peralillo,Peralillo,O'Higgins,-34.394444444000001,-71.445555556000002
231,METEOVID,Montes,Marchihue,O'Higgins,-34.340555555999998,-71.652222222000006
232,METEOVID,Lapostolle-Apalta,Santa Cruz,O'Higgins,-34.593611111000001,-71.302222221999997
233,METEOVID,Conosur,Chimbarongo,O'Higgins,-34.715555555999998,-71.038611110999994
234,METEOVID,Hacienda Araucano-Lolol,Peralillo,O'Higgins,-34.727222222000002,-71.588888889000003
236,METEOVID,Ventisquero-Apalta,Santa Cruz,O'Higgins,-34.608055555999996,-71.246944443999993
238,METEOVID,Aresti,Molina,Maule,-35.151388889000003,-71.298055555999994
239,METEOVID,Viñedos Puertas,Curicó,Maule,-34.986944444000002,-71.279722222000004
240,METEOVID,Casas Patronales,San Clemente,Maule,-35.491666666999997,-71.445555556000002
241,METEOVID,J. Bouchon,San Javier,Maule,-35.569166666999998,-71.995277778000002
242,METEOVID,Torres,San Javier,Maule,-35.567222221999998,-72.290000000000006
244,METEOVID,Odjfell,Cauquenes,Maule,-36.144722221999999,-72.265833333000003
245,METEOVID,Guilisasti,Mulchén,Biobío,-37.648333332999997,-72.216111111000004
246,METEOVID,Garcés Silva,San Antonio,Valparaíso,-33.681388888999997,-71.495833332999993
247,METEOVID,Morandé,San Bernardo,Metropolitana,-33.581388889000003,-70.716666666999998
248,METEOVID,San Pedro-El Tránsito,Paine,Metropolitana,-33.771111111000003,-70.685555555999997
249,METEOVID,Santa Carolina,Paine,Metropolitana,-33.599722221999997,-70.649722221999994
250,METEOVID,San Pedro-Totihue,Totihue,O'Higgins,-34.341111110999996,-70.727777778000004
251,METEOVID,Luis Felipe Edwards,Colchagua,O'Higgins,-34.693055555999997,-71.156944444000004
252,METEOVID,San Pedro-Molina,Molina,Maule,-35.103055556000001,-71.338333332999994
253,METEOVID,San Pedro-Pencahue,Pencahue,Maule,-35.333888889000001,-71.769166666999993
254,METEOVID,El Aromo,Duao,Maule,-35.535555555999998,-71.598333332999999
260,INIA,Hidango,Litueche,O'Higgins,-34.1,-71.8
261,INIA,Caspana,Calama,Antofagasta,-22.334515,-68.213596999999993
263,INIA,Codpa,Camarones,Arica y Parinacota,-18.833055556000001,-69.744444443999996
264,INIA,Tierra del Fuego,Primavera,Magallanes,-52.804319888999999,-69.273690999999999
265,INIA,El Claro,Coyhaique,Aysén,-45.981200000000001,-72.092267000000007
266,INIA,Las Lomas,Máfil,Los Ríos,-39.700929000000002,-73.014792999999997
267,INIA,San Antonio de Naltahua,Isla de Maipo,Metropolitana,-33.725439000000001,-71.042558
268,INIA,San Pedro de Melipilla,San Pedro,Metropolitana,-33.897934999999997,-71.452881000000005
269,INIA,Santa Carla,Panguipulli,Los Ríos,-39.679571000000003,-72.611389000000003
270,INIA,Isla Riesco-Río Verde,Río Verde,Magallanes,-53.030495000000002,-71.933637000000004
271,INIA,Desagüe Rupanco,Puyehue,Los Lagos,-40.752634,-72.663893999999999
272,FDF,La Higuera,La Ligua,Valparaíso,-32.49269683,-71.152880830000001
273,FDF,San Lorenzo,Cabildo,Valparaíso,-32.439416829999999,-71.002960830000006
274,FDF,Pullancón,La Ligua,Valparaíso,-32.307082829999999,-71.23075
275,FDF,Palquico,Petorca,Valparaíso,-32.257027829999998,-71.141638830000005
276,FDF,Manuel Montt,Petorca,Valparaíso,-32.322861000000003,-71.061055830000001
277,FDF,Las Puertas,Cabildo,Valparaíso,-32.362194000000002,-70.819721830000006
278,FDF,Paihuén,Cabildo,Valparaíso,-32.379277829999999,-70.841622000000001
279,FDF,Catapilco,Zapallar,Valparaíso,-32.56033283,-71.311806000000004
280,FDF,El Guindo,La Ligua,Valparaíso,-32.357166829999997,-71.345472000000001
281,INIA,Camarones,Camarones,Arica y Parinacota,-19,-69.900000000000006
282,INIA,Putre,Putre,Arica y Parinacota,-18.2,-69.599999999999994
283,INIA,Amolana Copiapo 2,Tierra Amarilla,Atacama,-28,-70
284,INIA,La Cruz,La Cruz,Valparaíso,-32.822000000000003,-71.230400000000003
285,INIA,Los Tilos,Buin,Metropolitana,-33.700000000000003,-70.7
286,INIA,Palermo,La Unión,Los Ríos,-40.299999999999997,-73.099999999999994
287,INIA,Ensenada,Puerto Varas,Los Lagos,-41.233333332999997,-72.516111111000001
288,INIA,Quilacahuin,San Pablo,Los Lagos,-40.299999999999997,-73.3
289,INIA,Kampenaike,Laguna Blanca,Magallanes,-52.6,-70.900000000000006
290,FDF,Curimón,San Felipe,Valparaíso,-32.799971999999997,-70.700305999999998
291,FDF,Tutuquen,Curicó,Maule,-34.961610999999998,-71.315860999999998
292,FDF,Miraflores,Linares,Maule,-35.918056,-71.613305999999994
293,FDF,Rarin,Vichuquén,Maule,-34.765667000000001,-71.956666999999996
294,FDF,Placilla Chacarilla,Placilla,O'Higgins,-34.641582999999997,-71.135666999999998
295,FDF,La Union Norte,La Unión,Los Ríos,-40.288666999999997,-73.071332999999996
309,INIA,Cerro Blanco,Arica,Arica y Parinacota,-18.574999999999999,-70.069999999999993
310,INIA,Chaca,Arica,Arica y Parinacota,-18.809999999999999,-70.156000000000006
311,INIA,Santa Amada,Linares,Maule,-35.761000000000003,-71.48
312,INIA,San Clemente,San Clemente,Maule,-35.530999999999999,-71.573999999999998
313,INIA,Marimenuco,Lonquimay,Araucanía,-38.731667000000002,-71.140833000000001
314,INIA,Centro Experimental Arroz INIA,San Carlos,Biobío,-36.409298,-72.006731000000002
315,INIA,Puala,Curarrehue,Araucanía,-39.381943999999997,-71.572500000000005
316,INIA,Huiscapi,Villarrica,Araucanía,-39.263333000000003,-72.398888999999997
317,INIA,Sta Inés,Lautaro,Araucanía,-38.504722000000001,-72.343610999999996
318,INIA,Las Palmas,Victoria,Araucanía,-38.227778000000001,-72.273332999999994
319,INIA,Surco y semilla,Collipulli,Araucanía,-38.032499999999999,-72.285278000000005
320,INIA,Manzanares,Renaico,Araucanía,-37.772500000000001,-72.546110999999996
321,INIA,San Fabián,Galvarino,Araucanía,-38.446389000000003,-72.849444000000005
322,INIA,Perales,Cholchol,Araucanía,-38.663888999999998,-72.808888999999994
323,CEAZA,Cerro Grande,La Serena,Coquimbo,-29.938490000000002,-71.223579999999998
324,CEAZA,Ovalle,Ovalle,Coquimbo,-30.592030000000001,-71.247969999999995
325,CEAZA,Tongoy Balsa CMET,Coquimbo,Coquimbo,-30.27514,-71.561139999999995
326,CEAZA,La Serena,La Serena,Coquimbo,-29.915019999999998,-71.24221
327,CEAZA,Coquimbo,Coquimbo,Coquimbo,-30,-71.400000000000006
328,CEAZA,Rapel,Monte Patria,Coquimbo,-30.723199999999999,-70.772599999999997
329,CEAZA,Huintil,Illapel,Coquimbo,-31.57319,-70.998310000000004
330,CEAZA,El Tapado,Vicuña,Coquimbo,-30.156700000000001,-69.914209999999997
331,CEAZA,La Laguna,Vicuña,Coquimbo,-30.20289,-70.037180000000006
332,CEAZA,Hualtatas,Monte Patria,Coquimbo,-31.707319999999999,-70.525000000000006
333,CEAZA,Los Molles [Bocatoma],Monte Patria,Coquimbo,-30.746079999999999,-70.419219999999996
334,CEAZA,Pan de Azúcar [INIA],Coquimbo,Coquimbo,-30.066669999999998,-71.233329999999995
335,CEAZA,Pisco Elqui,Paiguano,Coquimbo,-30.116669999999999,-70.483329999999995
336,CEAZA,Rivadavia,Paiguano,Coquimbo,-29.961849999999998,-70.538880000000006
337,CEAZA,Gabriela Mistral,La Serena,Coquimbo,-29.97852,-71.080389999999994
338,CEAZA,Tascadero,Monte Patria,Coquimbo,-31.262820000000001,-70.540000000000006
339,CEAZA,Andacollo,Andacollo,Coquimbo,-30.24971,-71.066429999999997
340,CEAZA,Vicuña,Vicuña,Coquimbo,-30.038319999999999,-70.696550000000002
341,CEAZA,Paso Aguas Negras,Vicuña,Coquimbo,-30.191369999999999,-69.825460000000007
342,CEAZA,Canela,Canela,Coquimbo,-31.39,-71.41
343,CEAZA,Hurtado,Río Hurtado,Coquimbo,-30.309170000000002,-70.626459999999994
344,CEAZA,Illapel,Illapel,Coquimbo,-31.648140000000001,-71.196950000000001
345,CEAZA,UCN Guayacan,Coquimbo,Coquimbo,-29.966629999999999,-71.352800000000002
346,CEAZA,Pichasca,Río Hurtado,Coquimbo,-30.413060000000002,-70.902749999999997
347,CEAZA,Quebrada Seca,Ovalle,Coquimbo,-30.496130000000001,-71.49051
348,CEAZA,Cachiyuyo,Vallenar,Atacama,-29.057200000000002,-70.905169999999998
349,CEAZA,Punta de Choros,La Higuera,Coquimbo,-29.245940000000001,-71.468699999999998
350,CEAZA,Mincha Sur,Canela,Coquimbo,-31.59,-71.42
351,CEAZA,Punta Colorada,La Higuera,Coquimbo,-29.354109999999999,-71.032859999999999
352,CEAZA,Las Cardas,Coquimbo,Coquimbo,-30.251449999999998,-71.256900000000002
353,CEAZA,Combarbalá,Combarbalá,Coquimbo,-31.20093,-71.000569999999996
354,CEAZA,Laguna Hurtado,Río Hurtado,Coquimbo,-30.511019999999998,-70.446700000000007
356,CEAZA,El Romeral,La Serena,Coquimbo,-29.75497,-71.257530000000003
357,CEAZA,Salamanca,Salamanca,Coquimbo,-31.89,-70.75
360,CEAZA,Tilama,Los Vilos,Coquimbo,-32.08,-71.16
361,CEAZA,Pichidangui,Los Vilos,Coquimbo,-32.131419999999999,-71.531080000000003
367,METEOVID,Ventisquero - Leyda,San Antonio,Valparaíso,-33.685483329999997,-71.549430560000005
368,INIA,Monte Flor-Tucapel,Parral,Maule,-36.244799999999998,-71.934290000000004
369,INIA,Ponotro,Tirúa,Biobío,-38.275289999999998,-73.498489000000006
370,INIA,La Isla,Purén,Araucanía,-38.03,-72.981999999999999
371,INIA,El Membrillo,Melipeuco,Araucanía,-38.834167000000001,-71.682500000000005
372,INIA,Cerro Castillo,Torres del Paine,Magallanes,-51.176974999999999,-72.435811000000001
373,INIA,Rinconada-U de Chile,Maipú,Metropolitana,-33.497093,-70.845436000000007
375,INIA,Estación Experimental Austral,Valdivia,Los Ríos,-39.787427999999998,-73.234545999999995
376,INIA,Rucatayo,Río Bueno,Los Ríos,-40.598896000000003,-72.586540999999997
377,INIA,Caleta Vitor,Arica,Arica y Parinacota,-18.781479000000001,-70.283901999999998
388,INIA,Puchuncavi,Puchuncaví,Valparaíso,-32.754967000000001,-71.343432000000007
389,INIA,El Arenal,Quinta de Tilcoco,O'Higgins,-34.35575,-70.991277999999994
390,INIA,Belén,Putre,Arica y Parinacota,-18.468208000000001,-69.523279000000002
391,INIA,Ticnamar,Arica,Arica y Parinacota,-18.580069999999999,-69.495964999999998
392,INIA,La Junta,Aysén,Aysén,-43.916933,-72.387343000000001
393,FDF,Los Vilos - Quebrachar,Los Vilos,Coquimbo,-31.8603889,-71.439583299999995
398,FDF,Puchuncavi,Puchuncaví,Valparaíso,-32.731083300000002,-71.424138900000003
403,FDF,Campanacura,Parral,Maule,-35.973888899999999,-72.027638899999999
408,FDF,Las Lomillas - San Clemente,San Clemente,Maule,-35.541638900000002,-71.318221899999998
413,FDF,Vichuquen,Vichuquén,Maule,-34.854972199999999,-72.026055600000007
418,FDF,Cobquecura,Cobquecura,Biobío,-36.124527800000003,-72.795388900000006
423,FDF,Allipén,Freire,Araucanía,-38.999722200000001,-72.521083300000001
428,FDF,Los Quilantos,Freire,Araucanía,-38.908333300000002,-72.798222199999998
433,FDF,Vida Nueva,Villarrica,Araucanía,-39.196388900000002,-72.261361100000002
438,FDF,Peldehue,Colina,Metropolitana,-33.147111099999996,-70.660222200000007
447,INIA,Falda Verde,Chañaral,Atacama,-26.299806,-70.624110999999999
459,INIA,Estancia Zenia,Porvenir,Magallanes,-53.319496000000001,-69.698147000000006
467,INIA,Quilimari,Los Vilos,Coquimbo,-32.119098000000001,-71.460004999999995
471,INIA,5 de enero,San Gregorio,Magallanes,-52.432478000000003,-70.360583000000005
479,INIA,Altos la Portada,Antofagasta,Antofagasta,-23.504097699999999,-70.404666300000002
483,INIA,Puente Negro,Pichilemu,O'Higgins,-34.386350999999998,-71.985709999999997
487,INIA,Camar,San Pedro de Atacama,Antofagasta,-23.407101999999998,-67.963735
491,INIA,San Jorge Los Niches,Curicó,Maule,-35.091799999999999,-71.120579000000006
495,INIA,Lien,Curepto,Maule,-35.099145999999998,-71.969797
499,INIA,Colliguay,Quilpué,Valparaíso,-33.168608900000002,-71.155717100000004
503,INIA,Lomas,Pelluhue,Maule,-35.835449099999998,-72.587489000000005
507,INIA,Puraligue,Treguaco,Biobío,-36.431035999999999,-72.647783000000004
511,INIA,El Asiento,Alhué,Metropolitana,-34.029282000000002,-70.995097999999999
519,INIA,San Rafael,Los Sauces,Araucanía,-38.070667,-72.724176
523,INIA,La Paz,Loncoche,Araucanía,-39.428134999999997,-72.718520999999996
527,INIA,Carelmapu,Maullín,Los Lagos,-41.709733,-73.672262500000002
531,INIA,Gaby-Ranquilco,Lumaco,Araucanía,-38.116919000000003,-72.883497000000006
539,INIA,San Enrique,Pucón,Araucanía,-39.261710999999998,-71.868097000000006
543,INIA,Cuya,Camarones,Arica y Parinacota,-19.161922000000001,-70.180967999999993
547,INIA,Los Arrayanes,Toltén,Araucanía,-39.165407999999999,-73.132936000000001
551,INIA,Pica,Pica,Tarapacá,-20.501476,-69.342572000000004
555,INIA,Huacamapu,San Juan de la Costa,Los Lagos,-40.659174999999998,-73.491722999999993
559,INIA,Cuncumén,San Antonio,Valparaíso,-33.736215000000001,-71.421578999999994
567,INIA,Huentelauquen,Canela,Coquimbo,-31.5885,-71.509833
582,INIA,La Copa,Caldera,Atacama,-27.345438999999999,-70.622009000000006
587,METEOVID,Siegel,San Fernando,O'Higgins,-34.525449999999999,-70.88758
592,METEOVID,Via Wines,Curicó,Maule,-35.0904667,-71.177367000000004
597,METEOVID,Laberinto,Colbún,Maule,-35.699300000000001,-71.268699999999995
602,METEOVID,Sierras de Bellavista,San Fernando,O'Higgins,-34.815582999999997,-70.751067000000006
608,FDF,Iglesia Colorada,Tierra Amarilla,Atacama,-28.148944400000001,-69.891833329999997
612,FDF,Freirina,Freirina,Atacama,-28.506638899999999,-71.103722219999995
616,FDF,El Trapiche,La Higuera,Coquimbo,-29.3718611,-71.116083329999995
617,INIA,Faja Maisan,Pitrufquén,Araucanía,-39.071148000000001,-72.921980000000005
619,INIA,La Cachina,Taltal,Antofagasta,-25.433986999999998,-70.453243000000001
621,INIA,Bajada Ibañez,Río Ibáñez,Aysén,-46.180619,-72.043261000000001
623,FDF,Los Espinos,Los Andes,Valparaíso,-32.890166700000002,-70.382138800000007
625,METEOVID,Concha y Toro - Pencahue,Pencahue,Maule,-35.445219999999999,-71.834360000000004
626,INIA,Arroyo el Gato,Coyhaique,Aysén,-45.162902000000003,-71.943627000000006
628,INIA,Miraflores,Longaví,Maule,-35.818050999999997,-71.775019
630,INIA,Liceo Jean Buchanan,Peumo,O'Higgins,-34.397289200000003,-71.164671900000002
632,INIA,Chaguaral,Monte Patria,Coquimbo,-30.857084,-70.730688999999998
634,INIA,Pid-Pid,Castro,Los Lagos,-42.411746999999998,-73.783912999999998
636,INIA,Quilquico,Castro,Los Lagos,-42.491512,-73.708816999999996
638,INIA,Isla Chelin,Castro,Los Lagos,-42.589153000000003,-73.532905999999997
640,INIA,Radal,Freire,Araucanía,-38.985469999999999,-72.381617000000006
642,INIA,San Sebastián,Perquenco,Araucanía,-38.435063999999997,-72.399023999999997
644,INIA,Taplon,Padre Las Casas,Araucanía,-38.832949999999997,-72.506384999999995
646,INIA,El Vergel,Angol,Araucanía,-37.827809799999997,-72.659664899999996
648,INIA,Pailahueque,Ercilla,Araucanía,-38.145552000000002,-72.659664899999996
650,METEOVID,Viu Manent – Santa Cruz,Santa Cruz,O'Higgins,-34.646111111000003,-71.313611111
651,METEOVID,Viu Manent – Peralillo,Peralillo,O'Higgins,-34.495833333,-71.491666666
653,INIA,Licanchen,Navidad,O'Higgins,-33.929748500000002,-71.801002499999996
655,INIA,Pampa Concordia,Arica,Arica y Parinacota,-18.362922000000001,-70.302032999999994
658,INIA,Chapiquiña,Putre,Arica y Parinacota,-18.389472000000001,-69.539417
661,INIA,Ajial de Quiles,Punitaqui,Coquimbo,-30.920303000000001,-71.384100000000004
664,INIA,La Polvareda,Punitaqui,Coquimbo,-30.882719000000002,-71.239735999999994
667,INIA,Rayentué,Rengo,O'Higgins,-34.321703999999997,-70.833900999999997
670,INIA,Las Puentes,Arauco,Biobío,-37.305126000000001,-73.436712
673,INIA,Santa Lucía,Florida,Biobío,-36.69746,-72.704216000000002
676,INIA,Collimallin,Temuco,Araucanía,-38.606698000000002,-72.701057000000006
679,INIA,Tenaún,Dalcahue,Los Lagos,-42.312674999999999,-73.399901999999997
682,INIA,Ñirehuao,Coyhaique,Aysén,-45.249744,-71.694249999999997
685,INIA,Puerto Ibañez,Río Ibáñez,Aysén,-46.278309,-71.941433000000004
688,INIA,El Oasis,Lampa,Metropolitana,-33.286268,-70.836060000000003
691,METEOVID,Luis Felipe Edwards-Pumanque,Pumanque,O'Higgins,-34.640892999999998,-71.776318000000003
694,METEOVID,Luis Felipe Edwards-Las Rosas,Retiro,Maule,-35.889749000000002,-71.856565000000003
696,FDF,Curicó,Curicó,Maule,-34.940973,-71.222752
